[
  {"zipCode":1000,"cityName":{"nl":"Brussel","fr":"Bruxelles","de":"Brüssel","en":"Brussels"}},
  {"zipCode":1020,"cityName":{"nl":"Laken","fr":"Laeken","de":"Laken","en":"Laeken"}},
  {"zipCode":1030,"cityName":{"nl":"Schaarbeek","fr":"Schaerbeek","de":"Schaarbeek","en":"Schaerbeek"}},
  {"zipCode":1040,"cityName":{"nl":"Etterbeek","fr":"Etterbeek","de":"Etterbeek","en":"Etterbeek"}},
  {"zipCode":1050,"cityName":{"nl":"Elsene","fr":"Ixelles","de":"Elsene","en":"Ixelles"}},
  {"zipCode":1060,"cityName":{"nl":"Sint-Gillis","fr":"Saint-Gilles","de":"Sint-Gillis","en":"Saint-Gilles"}},
  {"zipCode":1070,"cityName":{"nl":"Anderlecht","fr":"Anderlecht","de":"Anderlecht","en":"Anderlecht"}},
  {"zipCode":1080,"cityName":{"nl":"Sint-Jans-Molenbeek","fr":"Molenbeek-Saint-Jean","de":"Molenbeek","en":"Molenbeek"}},
  {"zipCode":1090,"cityName":{"nl":"Jette","fr":"Jette","de":"Jette","en":"Jette"}},
  {"zipCode":2000,"cityName":{"nl":"Antwerpen","fr":"Anvers","de":"Antwerpen","en":"Antwerp"}},
  {"zipCode":2018,"cityName":{"nl":"Antwerpen Linkeroever","fr":"Anvers rive gauche","de":"Antwerpen Linkeroever","en":"Antwerp Left Bank"}},
  {"zipCode":2020,"cityName":{"nl":"Antwerpen Berchem","fr":"Anvers Berchem","de":"Antwerpen Berchem","en":"Antwerp Berchem"}},
  {"zipCode":2030,"cityName":{"nl":"Antwerpen Deurne","fr":"Anvers Deurne","de":"Antwerpen Deurne","en":"Antwerp Deurne"}},
  {"zipCode":2040,"cityName":{"nl":"Antwerpen Borgerhout","fr":"Anvers Borgerhout","de":"Antwerpen Borgerhout","en":"Antwerp Borgerhout"}},
  {"zipCode":2050,"cityName":{"nl":"Antwerpen Ekeren","fr":"Anvers Ekeren","de":"Antwerpen Ekeren","en":"Antwerp Ekeren"}},
  {"zipCode":2060,"cityName":{"nl":"Antwerpen Hoboken","fr":"Anvers Hoboken","de":"Antwerpen Hoboken","en":"Antwerp Hoboken"}},
  {"zipCode":2070,"cityName":{"nl":"Zwijndrecht","fr":"Zwijndrecht","de":"Zwijndrecht","en":"Zwijndrecht"}},
  {"zipCode":2100,"cityName":{"nl":"Deurne","fr":"Deurne","de":"Deurne","en":"Deurne"}},
  {"zipCode":2200,"cityName":{"nl":"Herentals","fr":"Herentals","de":"Herentals","en":"Herentals"}},
  {"zipCode":2300,"cityName":{"nl":"Turnhout","fr":"Turnhout","de":"Turnhout","en":"Turnhout"}},
  {"zipCode":3000,"cityName":{"nl":"Leuven","fr":"Louvain","de":"Leuven","en":"Leuven"}},
  {"zipCode":3010,"cityName":{"nl":"Kessel-Lo","fr":"Kessel-Lo","de":"Kessel-Lo","en":"Kessel-Lo"}},
  {"zipCode":3500,"cityName":{"nl":"Hasselt","fr":"Hasselt","de":"Hasselt","en":"Hasselt"}},
  {"zipCode":3501,"cityName":{"nl":"Kuringen","fr":"Kuringen","de":"Kuringen","en":"Kuringen"}},
  {"zipCode":3530,"cityName":{"nl":"Houthalen-Helchteren","fr":"Houthalen-Helchteren","de":"Houthalen-Helchteren","en":"Houthalen-Helchteren"}},
  {"zipCode":3600,"cityName":{"nl":"Genk","fr":"Genk","de":"Genk","en":"Genk"}},
  {"zipCode":3620,"cityName":{"nl":"Lanaken","fr":"Lanaken","de":"Lanaken","en":"Lanaken"}},
  {"zipCode":3700,"cityName":{"nl":"Tongeren","fr":"Tongres","de":"Tongeren","en":"Tongeren"}},
  {"zipCode":4000,"cityName":{"nl":"Luik","fr":"Liège","de":"Liège","en":"Liège"}},
  {"zipCode":4020,"cityName":{"nl":"Angleur","fr":"Angleur","de":"Angleur","en":"Angleur"}},
  {"zipCode":4030,"cityName":{"nl":"Grivegnée","fr":"Grivegnée","de":"Grivegnée","en":"Grivegnée"}},
  {"zipCode":4040,"cityName":{"nl":"Herstal","fr":"Herstal","de":"Herstal","en":"Herstal"}},
  {"zipCode":4050,"cityName":{"nl":"Ans","fr":"Ans","de":"Ans","en":"Ans"}},
  {"zipCode":4100,"cityName":{"nl":"Seraing","fr":"Seraing","de":"Seraing","en":"Seraing"}},
  {"zipCode":4200,"cityName":{"nl":"Waremme","fr":"Waremme","de":"Waremme","en":"Waremme"}},
  {"zipCode":4300,"cityName":{"nl":"Waremme","fr":"Waremme","de":"Waremme","en":"Waremme"}},
  {"zipCode":4500,"cityName":{"nl":"Huy","fr":"Huy","de":"Huy","en":"Huy"}},
  {"zipCode":4800,"cityName":{"nl":"Verviers","fr":"Verviers","de":"Verviers","en":"Verviers"}},
  {"zipCode":5000,"cityName":{"nl":"Doornik","fr":"Tournai","de":"Doornik","en":"Tournai"}},
  {"zipCode":5100,"cityName":{"nl":"Jurbeke","fr":"Jurbeke","de":"Jurbeke","en":"Jurbeke"}},
  {"zipCode":5200,"cityName":{"nl":"Namen","fr":"Namur","de":"Namen","en":"Namur"}},
  {"zipCode":5300,"cityName":{"nl":"Andenne","fr":"Andenne","de":"Andenne","en":"Andenne"}},
  {"zipCode":5400,"cityName":{"nl":"Hannut","fr":"Hannut","de":"Hannut","en":"Hannut"}},
  {"zipCode":5500,"cityName":{"nl":"Dinant","fr":"Dinant","de":"Dinant","en":"Dinant"}},
  {"zipCode":5600,"cityName":{"nl":"Philippeville","fr":"Philippeville","de":"Philippeville","en":"Philippeville"}},
  {"zipCode":6000,"cityName":{"nl":"Charleroi","fr":"Charleroi","de":"Charleroi","en":"Charleroi"}},
  {"zipCode":6030,"cityName":{"nl":"Marchienne-au-Pont","fr":"Marchienne-au-Pont","de":"Marchienne-au-Pont","en":"Marchienne-au-Pont"}},
  {"zipCode":6040,"cityName":{"nl":"Jumet","fr":"Jumet","de":"Jumet","en":"Jumet"}},
  {"zipCode":6060,"cityName":{"nl":"Gosselies","fr":"Gosselies","de":"Gosselies","en":"Gosselies"}},
  {"zipCode":6070,"cityName":{"nl":"Montignies-sur-Sambre","fr":"Montignies-sur-Sambre","de":"Montignies-sur-Sambre","en":"Montignies-sur-Sambre"}},
  {"zipCode":7000,"cityName":{"nl":"Mons","fr":"Mons","de":"Mons","en":"Mons"}}
]
